date,Fiscal_Month,product_code,product,variant,sold_quantity,gross_price,Total_Gross_Price
2020-10-01,February,A1521150602,"AQ Electron 3 3600 Desktop Processor",Plus,251,185.4599,46550.43
2020-10-01,February,A1219150302,"AQ 5000 Series Ultron 8 5900X Desktop Processor",Plus,258,145.1474,37448.03
2020-10-01,February,A7220160203,"AQ Wi Power Dx2",Premium,917,37.4784,34367.69
2020-09-01,January,A1521150602,"AQ Electron 3 3600 Desktop Processor",Plus,168,185.4599,31157.26
2020-10-01,February,A1119150203,"AQ 5000 Series Electron 8 5900X Desktop Processor",Premium,220,139.8962,30777.16
2020-09-01,January,A1320150403,"AQ Electron 5 3600 Desktop Processor",Premium,186,160.6912,29888.56
2020-10-01,February,A3421150605,"AQ Qwerty","Premium 1",963,29.8692,28764.04
2020-10-01,February,A1018150102,"AQ 5000 Series Electron 9 5900X Desktop Processor",Plus,226,123.4797,27906.41
2020-09-01,January,A3521150705,"AQ Trigger","Premium 1",796,34.5114,27471.07
2020-10-01,February,A3521150702,"AQ Trigger","Standard 2",888,30.3414,26943.16
2020-10-01,February,A3521150703,"AQ Trigger","Plus 1",819,31.7665,26016.76
2020-10-01,February,A7219160201,"AQ Wi Power Dx2",Standard,768,32.9575,25311.36
2020-10-01,February,A7321160303,"AQ Wi Power Dx3",Premium,586,42.8483,25109.10
2020-10-01,February,A6419160302,"AQ Clx1",Plus,1276,19.6723,25101.85
2020-10-01,February,A5820110107,"AQ BZ Allin1","Premium 1",34,737.6775,25081.04
2020-10-01,February,A6319160202,"AQ Neuer SSD",Plus,1330,18.5733,24702.49
2020-10-01,February,A6419160303,"AQ Clx1",Premium,1274,19.3342,24631.77
2020-09-01,January,A1219150302,"AQ 5000 Series Ultron 8 5900X Desktop Processor",Plus,168,145.1474,24384.76
2020-10-01,February,A1018150103,"AQ 5000 Series Electron 9 5900X Desktop Processor",Premium,196,123.9315,24290.57
2020-10-01,February,A3521150704,"AQ Trigger","Plus 2",718,33.6246,24142.46
2020-10-01,February,A7220160202,"AQ Wi Power Dx2",Plus,685,35.2053,24115.63
2020-10-01,February,A1421150503,"AQ Electron 4 3600 Desktop Processor",Premium,136,176.4389,23995.69
2020-10-01,February,A5821110108,"AQ BZ Allin1","Premium 2",32,746.7388,23895.64
2020-10-01,February,A3320150506,"AQ Maxima","Premium 2",988,23.7678,23482.59
2020-10-01,February,A3421150606,"AQ Qwerty","Premium 2",773,29.6709,22935.61
2020-09-01,January,A1319150401,"AQ Electron 5 3600 Desktop Processor",Standard,152,149.1034,22663.72
2020-09-01,January,A7321160302,"AQ Wi Power Dx3",Plus,507,43.9446,22279.91
2020-09-01,January,A1119150203,"AQ 5000 Series Electron 8 5900X Desktop Processor",Premium,158,139.8962,22103.60
2020-09-01,January,A1219150303,"AQ 5000 Series Ultron 8 5900X Desktop Processor",Premium,153,142.9402,21869.85
2020-10-01,February,A1320150403,"AQ Electron 5 3600 Desktop Processor",Premium,136,160.6912,21854.00
2020-10-01,February,A3420150602,"AQ Qwerty","Standard 2",908,23.9726,21767.12
2020-10-01,February,A2720150701,"AQ Trigger Ms","Standard 1",1236,17.0917,21125.34
2020-09-01,January,A6520160403,"AQ Clx2",Premium,984,21.2830,20942.47
2020-10-01,February,A6520160402,"AQ Clx2",Plus,1030,20.1650,20769.95
2020-10-01,February,A3220150405,"AQ Lite","Premium 1",1089,18.9415,20627.29
2020-10-01,February,A5820110105,"AQ BZ Allin1","Plus 2",29,709.3926,20572.39
2020-09-01,January,A7219160201,"AQ Wi Power Dx2",Standard,616,32.9575,20301.82
2020-09-01,January,A6419160303,"AQ Clx1",Premium,1028,19.3342,19875.56
2020-09-01,January,A2721150705,"AQ Trigger Ms","Premium 1",1021,19.4042,19811.69
2020-09-01,January,A1018150103,"AQ 5000 Series Electron 9 5900X Desktop Processor",Premium,159,123.9315,19705.11
2020-10-01,February,A1319150401,"AQ Electron 5 3600 Desktop Processor",Standard,132,149.1034,19681.65
2020-10-01,February,A7321160301,"AQ Wi Power Dx3",Standard,479,40.7954,19541.00
2020-09-01,January,A5820110102,"AQ BZ Allin1","Standard 2",28,697.5541,19531.51
2020-10-01,February,A5219110405,"AQ BZ Gen Z","Plus Blue",37,521.2603,19286.63
2020-10-01,February,A3421150604,"AQ Qwerty","Plus 2",700,27.4152,19190.64
2020-10-01,February,A5220110408,"AQ BZ Gen Z","Premium Misty Green",36,533.0397,19189.43
2020-10-01,February,A2620150605,"AQ Qwerty Ms","Premium 1",1136,16.5882,18844.20
2020-10-01,February,A2620150602,"AQ Qwerty Ms","Standard 2",1176,15.8102,18592.80
2020-09-01,January,A7119160102,"AQ Wi Power Dx1",Plus,619,29.9264,18524.44
2020-10-01,February,A2721150703,"AQ Trigger Ms","Plus 1",1090,16.9353,18459.48
2020-10-01,February,A1521150601,"AQ Electron 3 3600 Desktop Processor",Standard,99,186.2917,18442.88
2020-09-01,January,A5820110101,"AQ BZ Allin1","Standard 1",27,681.3022,18395.16
2020-10-01,February,A2620150606,"AQ Qwerty Ms","Premium 2",1071,16.7850,17976.74
2020-10-01,February,A3220150402,"AQ Lite","Standard 2",947,18.7947,17798.58
2020-10-01,February,A7119160103,"AQ Wi Power Dx1",Premium,618,28.7736,17782.08
2020-10-01,February,A6218160102,"AQ Digit SSD",Plus,1165,15.2481,17764.04
2020-09-01,January,A6319160203,"AQ Neuer SSD",Premium,911,19.3433,17621.75
2020-10-01,February,A5119110305,"AQ BZ Gen Y","Plus Blue",36,483.3813,17401.73
2020-10-01,February,A5820110106,"AQ BZ Allin1","Plus 3",25,692.5242,17313.11
2020-10-01,February,A1118150201,"AQ 5000 Series Electron 8 5900X Desktop Processor",Standard,138,124.2640,17148.43
2020-10-01,February,A6319160201,"AQ Neuer SSD",Standard,979,17.3590,16994.46
2020-09-01,January,A1320150402,"AQ Electron 5 3600 Desktop Processor",Plus,112,150.2450,16827.44
2020-10-01,February,A5019110208,"AQ BZ Compact","Premium Misty Green",36,467.3047,16822.97
2020-10-01,February,A4721110704,"AQ GEN Z","Plus Grey",44,380.2153,16729.47
2020-10-01,February,A5018110203,"AQ BZ Compact","Standard Red",37,452.1420,16729.25
2020-09-01,January,A6620160501,"AQ Clx3",Standard,732,22.8530,16728.40
2020-10-01,February,A5219110402,"AQ BZ Gen Z","Standard Blue",34,490.1582,16665.38
2020-10-01,February,A2520150504,"AQ Maxima Ms","Plus 2",1133,14.2800,16179.24
2020-09-01,January,A3320150504,"AQ Maxima","Plus 2",723,22.1341,16002.95
2020-09-01,January,A3220150404,"AQ Lite","Plus 2",861,18.4219,15861.26
2020-10-01,February,A3220150401,"AQ Lite","Standard 1",851,18.4943,15738.65
2020-09-01,January,A7118160101,"AQ Wi Power Dx1",Standard,528,29.6712,15666.39
2020-09-01,January,A3421150603,"AQ Qwerty","Plus 1",579,26.9507,15604.46
2020-10-01,February,A1420150501,"AQ Electron 4 3600 Desktop Processor",Standard,97,160.5082,15569.30
2020-10-01,February,A5018110205,"AQ BZ Compact","Plus Blue",32,486.1763,15557.64
2020-09-01,January,A1219150301,"AQ 5000 Series Ultron 8 5900X Desktop Processor",Standard,114,135.6822,15467.77
2020-10-01,February,A6219160103,"AQ Digit SSD",Premium,938,16.3003,15289.68
2020-09-01,January,A1521150601,"AQ Electron 3 3600 Desktop Processor",Standard,82,186.2917,15275.92
2020-10-01,February,A5219110401,"AQ BZ Gen Z","Standard Grey",30,506.9644,15208.93
2020-10-01,February,A5018110207,"AQ BZ Compact","Premium Black",32,475.1904,15206.09
2020-10-01,February,A3220150406,"AQ Lite","Premium 2",760,20.0066,15205.02
2020-09-01,January,A5820110104,"AQ BZ Allin1","Plus 1",22,690.4971,15190.94
2020-10-01,February,A4918110104,"AQ BZ 101","Premium Misty Green",33,460.2805,15189.26
2020-10-01,February,A7118160101,"AQ Wi Power Dx1",Standard,507,29.6712,15043.30
2020-10-01,February,A5820110101,"AQ BZ Allin1","Standard 1",22,681.3022,14988.65
2020-09-01,January,A1421150503,"AQ Electron 4 3600 Desktop Processor",Premium,84,176.4389,14820.87
2020-10-01,February,A1018150101,"AQ 5000 Series Electron 9 5900X Desktop Processor",Standard,132,111.1036,14665.68
2020-10-01,February,A3119150301,"AQ Gamers ","Standard 1",1085,13.5061,14654.12
2020-10-01,February,A2620150604,"AQ Qwerty Ms","Plus 2",884,16.5491,14629.40
2020-09-01,January,A2620150603,"AQ Qwerty Ms","Plus 1",915,15.9792,14620.97
2020-09-01,January,A3220150403,"AQ Lite","Plus 1",781,18.5844,14514.42
2020-10-01,February,A3120150305,"AQ Gamers ","Premium 1",888,16.3218,14493.76
2020-09-01,January,A4721110704,"AQ GEN Z","Plus Grey",38,380.2153,14448.18
2020-10-01,February,A3120150306,"AQ Gamers ","Premium 2",746,19.3003,14398.02
2020-09-01,January,A6519160401,"AQ Clx2",Standard,705,20.2889,14303.67
2020-09-01,January,A6419160301,"AQ Clx1",Standard,799,17.8043,14225.64
2020-09-01,January,A2520150506,"AQ Maxima Ms","Premium 2",973,14.5677,14174.37
2020-09-01,January,A3521150703,"AQ Trigger","Plus 1",444,31.7665,14104.33
2020-10-01,February,A4520110508,"AQ Gen X","Premium Misty Green",43,327.0930,14065.00
2020-09-01,January,A2720150701,"AQ Trigger Ms","Standard 1",822,17.0917,14049.38
2020-10-01,February,A1118150202,"AQ 5000 Series Electron 8 5900X Desktop Processor",Plus,108,129.5836,13995.03
2020-09-01,January,A1420150501,"AQ Electron 4 3600 Desktop Processor",Standard,87,160.5082,13964.21
2020-09-01,January,A5119110307,"AQ BZ Gen Y","Premium Black",27,516.4580,13944.37
2020-10-01,February,A5119110307,"AQ BZ Gen Y","Premium Black",27,516.4580,13944.37
2020-09-01,January,A7119160103,"AQ Wi Power Dx1",Premium,480,28.7736,13811.33
2020-09-01,January,A1420150502,"AQ Electron 4 3600 Desktop Processor",Plus,81,169.4999,13729.49
2020-09-01,January,A5219110401,"AQ BZ Gen Z","Standard Grey",27,506.9644,13688.04
2020-10-01,February,A5721110501,"AQ Smash 2","Standard Firey Red",21,649.6929,13643.55
2020-10-01,February,A5219110407,"AQ BZ Gen Z","Premium Black",25,545.5931,13639.83
2020-09-01,January,A3120150304,"AQ Gamers ","Plus 2",831,16.3792,13611.12
2020-10-01,February,A4721110705,"AQ GEN Z","Plus Blue",36,377.4069,13586.65
2020-09-01,January,A6319160202,"AQ Neuer SSD",Plus,730,18.5733,13558.51
2020-09-01,January,A5820110105,"AQ BZ Allin1","Plus 2",19,709.3926,13478.46
2020-09-01,January,A5821110108,"AQ BZ Allin1","Premium 2",18,746.7388,13441.30
2020-09-01,January,A3320150505,"AQ Maxima","Premium 1",576,23.0844,13296.61
2020-09-01,January,A3320150503,"AQ Maxima","Plus 1",637,20.8733,13296.29
2020-10-01,February,A5621110405,"AQ Smash 1","Plus Cool Blue",22,601.8173,13239.98
2020-09-01,January,A1118150201,"AQ 5000 Series Electron 8 5900X Desktop Processor",Standard,106,124.2640,13171.98
2020-10-01,February,A1219150301,"AQ 5000 Series Ultron 8 5900X Desktop Processor",Standard,97,135.6822,13161.17
2020-09-01,January,A2520150502,"AQ Maxima Ms","Standard 2",903,14.5267,13117.61
2020-09-01,January,A7220160203,"AQ Wi Power Dx2",Premium,350,37.4784,13117.44
2020-10-01,February,A4918110102,"AQ BZ 101","Standard Blue",29,451.4881,13093.15
2020-10-01,February,A4620110604,"AQ Gen Y","Plus Grey",37,353.0982,13064.63
2020-10-01,February,A3320150505,"AQ Maxima","Premium 1",561,23.0844,12950.35
2020-10-01,February,A4519110503,"AQ Gen X","Standard Red",42,306.9189,12890.59
2020-10-01,February,A4720110701,"AQ GEN Z","Standard Grey",35,367.7335,12870.67
2020-09-01,January,A5018110206,"AQ BZ Compact","Plus Red",27,475.5544,12839.97
2020-10-01,February,A2721150705,"AQ Trigger Ms","Premium 1",654,19.4042,12690.35
2020-09-01,January,A5119110306,"AQ BZ Gen Y","Plus Red",26,486.4857,12648.63
2020-10-01,February,A5119110306,"AQ BZ Gen Y","Plus Red",26,486.4857,12648.63
2020-09-01,January,A3320150506,"AQ Maxima","Premium 2",530,23.7678,12596.93
2020-10-01,February,A5721110502,"AQ Smash 2","Standard Cool Blue",20,627.9938,12559.88
2020-09-01,January,A2520150501,"AQ Maxima Ms","Standard 1",1036,12.0689,12503.38
2020-10-01,February,A5820110103,"AQ BZ Allin1","Standard 3",17,735.1465,12497.49
2020-09-01,January,A3421150605,"AQ Qwerty","Premium 1",417,29.8692,12455.46
2020-10-01,February,A6520160403,"AQ Clx2",Premium,581,21.2830,12365.42
2020-09-01,January,A2520150503,"AQ Maxima Ms","Plus 1",872,14.1682,12354.67
2020-10-01,February,A2319150304,"AQ Gamers Ms","Plus 2",1179,10.4573,12329.16
2020-10-01,February,A5318110104,"AQ Gamer 1","Plus Firey Red",21,586.3824,12314.03
2020-10-01,February,A3320150502,"AQ Maxima","Standard 2",567,21.6988,12303.22
2020-10-01,February,A4721110703,"AQ GEN Z","Standard Red",34,361.6496,12296.09
2020-10-01,February,A4620110606,"AQ Gen Y","Plus Red",35,348.5375,12198.81
2020-10-01,February,A3119150302,"AQ Gamers ","Standard 2",796,15.3071,12184.45
2020-10-01,February,A5621110404,"AQ Smash 1","Plus Firey Red",19,639.9614,12159.27
2020-10-01,February,A3220150403,"AQ Lite","Plus 1",654,18.5844,12154.20
2020-10-01,February,A5721110505,"AQ Smash 2","Plus Cool Blue",18,674.4272,12139.69
2020-09-01,January,A4519110502,"AQ Gen X","Standard Blue",40,300.3378,12013.51
2020-09-01,January,A5219110407,"AQ BZ Gen Z","Premium Black",22,545.5931,12003.05
2020-09-01,January,A4918110103,"AQ BZ 101","Premium Black",28,428.1451,11988.06
2020-10-01,February,A2319150302,"AQ Gamers Ms","Standard 2",1333,8.9901,11983.80
2020-10-01,February,A4520110504,"AQ Gen X","Plus Grey",35,341.7343,11960.70
2020-10-01,February,A4318110301,"AQ Velocity","Standard Grey",45,264.7000,11911.50
2020-10-01,February,A1219150303,"AQ 5000 Series Ultron 8 5900X Desktop Processor",Premium,83,142.9402,11864.04
2020-10-01,February,A4218110203,"AQ Digit","Standard Red",50,236.8486,11842.43
2020-09-01,January,A3521150702,"AQ Trigger","Standard 2",389,30.3414,11802.80
2020-10-01,February,A2520150503,"AQ Maxima Ms","Plus 1",833,14.1682,11802.11
2020-10-01,February,A4319110304,"AQ Velocity","Plus Grey",44,267.0636,11750.80
2020-09-01,January,A6520160402,"AQ Clx2",Plus,582,20.1650,11736.03
2020-09-01,January,A5018110205,"AQ BZ Compact","Plus Blue",24,486.1763,11668.23
2020-10-01,February,A3320150504,"AQ Maxima","Plus 2",522,22.1341,11554.00
2020-09-01,January,A2620150606,"AQ Qwerty Ms","Premium 2",688,16.7850,11548.08
2020-10-01,February,A5721110503,"AQ Smash 2","Standard Black",17,678.3035,11531.16
2020-10-01,February,A5721110506,"AQ Smash 2","Plus Black",16,720.5460,11528.74
2020-09-01,January,A4620110606,"AQ Gen Y","Plus Red",33,348.5375,11501.74
2020-10-01,February,A4419110404,"AQ Elite","Plus Grey",40,286.8973,11475.89
2020-09-01,January,A4520110506,"AQ Gen X","Plus Red",35,325.2561,11383.96
2020-09-01,January,A5119110302,"AQ BZ Gen Y","Standard Blue",24,474.3132,11383.52
2020-10-01,February,A5519110304,"AQ Gamer 3","Plus Firey Red",19,597.7704,11357.64
2020-10-01,February,A3119150303,"AQ Gamers ","Plus 1",698,16.2407,11336.01
2020-10-01,February,A2520150502,"AQ Maxima Ms","Standard 2",779,14.5267,11316.30
2020-10-01,February,A2520150506,"AQ Maxima Ms","Premium 2",776,14.5677,11304.54
2020-10-01,February,A5520110308,"AQ Gamer 3","Premium Misty Green",19,590.1159,11212.20
2020-10-01,February,A0821150504,"AQ Marquee P3",Premium,249,44.7044,11131.40
2020-09-01,January,A7321160301,"AQ Wi Power Dx3",Standard,272,40.7954,11096.35
2020-10-01,February,A4419110405,"AQ Elite","Plus Blue",38,291.2071,11065.87
2020-10-01,February,A2520150505,"AQ Maxima Ms","Premium 1",727,15.1762,11033.10
2020-10-01,February,A2721150704,"AQ Trigger Ms","Plus 2",560,19.5860,10968.16
2020-09-01,January,A3421150606,"AQ Qwerty","Premium 2",368,29.6709,10918.89
2020-09-01,January,A5119110303,"AQ BZ Gen Y","Standard Red",23,474.3154,10909.25
2020-10-01,February,A4519110502,"AQ Gen X","Standard Blue",36,300.3378,10812.16
2020-10-01,February,A4620110607,"AQ Gen Y","Premium Black",31,347.8030,10781.89
2020-09-01,January,A4620110601,"AQ Gen Y","Standard Grey",31,347.2474,10764.67
2020-10-01,February,A4620110602,"AQ Gen Y","Standard Blue",31,346.6886,10747.35
2020-09-01,January,A4319110304,"AQ Velocity","Plus Grey",40,267.0636,10682.54
2020-10-01,February,A7321160302,"AQ Wi Power Dx3",Plus,243,43.9446,10678.54
2020-10-01,February,A3018150203,"AQ Master wireless x1","Plus 1",856,12.3739,10592.06
2020-10-01,February,A4218110205,"AQ Digit","Plus Blue",44,240.1403,10566.17
2020-09-01,January,A2620150602,"AQ Qwerty Ms","Standard 2",664,15.8102,10497.97
2020-10-01,February,A4319110306,"AQ Velocity","Plus Red",38,275.8194,10481.14
2020-10-01,February,A5119110302,"AQ BZ Gen Y","Standard Blue",22,474.3132,10434.89
2020-09-01,January,A4419110402,"AQ Elite","Standard Blue",37,281.9504,10432.16
2020-10-01,February,A5520110307,"AQ Gamer 3","Premium Black",17,609.7926,10366.47
2020-10-01,February,A4218110202,"AQ Digit","Standard Blue",48,215.9341,10364.84
2020-10-01,February,A3019150204,"AQ Master wireless x1","Plus 2",888,11.6011,10301.78
2020-10-01,February,A0821150502,"AQ Marquee P3","Plus 1",237,43.2966,10261.29
2020-10-01,February,A3220150404,"AQ Lite","Plus 2",554,18.4219,10205.73
2020-09-01,January,A4319110302,"AQ Velocity","Standard Blue",38,267.2091,10153.95
2020-09-01,January,A2520150504,"AQ Maxima Ms","Plus 2",709,14.2800,10124.52
2020-09-01,January,A1018150101,"AQ 5000 Series Electron 9 5900X Desktop Processor",Standard,91,111.1036,10110.43
2020-10-01,February,A0821150503,"AQ Marquee P3","Plus 2",237,42.3841,10045.03
2020-10-01,February,A6720160103,"AQ Pen Drive 2 IN 1",Premium,2256,4.4411,10019.12
2020-10-01,February,A4319110305,"AQ Velocity","Plus Blue",36,277.8079,10001.08
2020-09-01,January,A3120150305,"AQ Gamers ","Premium 1",609,16.3218,9939.98
2020-09-01,January,A5219110406,"AQ BZ Gen Z","Plus Red",18,550.4597,9908.27
2020-09-01,January,A5318110108,"AQ Gamer 1","Premium Misty Green",17,579.6609,9854.24
2020-09-01,January,A5721110504,"AQ Smash 2","Plus Firey Red",15,655.8348,9837.52
2020-10-01,February,A5721110504,"AQ Smash 2","Plus Firey Red",15,655.8348,9837.52
2020-09-01,January,A5219110402,"AQ BZ Gen Z","Standard Blue",20,490.1582,9803.16
2020-09-01,January,A4620110608,"AQ Gen Y","Premium Misty Green",27,363.0630,9802.70
2020-10-01,February,A0921150601,"AQ Marquee P4",Standard,217,45.0813,9782.64
2020-09-01,January,A5820110106,"AQ BZ Allin1","Plus 3",14,692.5242,9695.34
2020-09-01,January,A3018150202,"AQ Master wireless x1","Standard 2",876,11.0524,9681.90
2020-09-01,January,A4519110501,"AQ Gen X","Standard Grey",31,311.8396,9667.03
2020-10-01,February,A4218110201,"AQ Digit","Standard Grey",48,200.2732,9613.11
2020-09-01,January,A4218110205,"AQ Digit","Plus Blue",40,240.1403,9605.61
2020-09-01,January,A5621110404,"AQ Smash 1","Plus Firey Red",15,639.9614,9599.42
2020-10-01,February,A5520110306,"AQ Gamer 3","Plus Black",15,639.6816,9595.22
2020-10-01,February,A3120150304,"AQ Gamers ","Plus 2",583,16.3792,9549.07
2020-10-01,February,A2821150801,"AQ Lumina Ms","Standard 1",438,21.7118,9509.77
2020-10-01,February,A5620110402,"AQ Smash 1","Standard Cool Blue",16,593.8297,9501.28
2020-09-01,January,A4319110303,"AQ Velocity","Standard Red",36,261.2305,9404.30
2020-09-01,January,A4520110507,"AQ Gen X","Premium Black",29,322.9426,9365.34
2020-10-01,February,A5318110103,"AQ Gamer 1","Standard Black",16,584.9722,9359.56
2020-10-01,February,A0621150308,"AQ Mforce Gen Z","Premium 2",235,39.3990,9258.77
2020-09-01,January,A2721150704,"AQ Trigger Ms","Plus 2",472,19.5860,9244.59
2020-10-01,February,A4218110207,"AQ Digit","Premium Black",37,249.1303,9217.82
2020-09-01,January,A3420150601,"AQ Qwerty","Standard 1",375,24.5690,9213.38
2020-09-01,January,A5621110408,"AQ Smash 1","Premium Misty Green",14,657.2525,9201.54
2020-09-01,January,A4520110508,"AQ Gen X","Premium Misty Green",28,327.0930,9158.60
2020-10-01,February,A5318110107,"AQ Gamer 1","Premium Black",16,571.6489,9146.38
2020-10-01,February,A7119160102,"AQ Wi Power Dx1",Plus,305,29.9264,9127.55
2020-10-01,February,A3420150601,"AQ Qwerty","Standard 1",371,24.5690,9115.10
2020-10-01,February,A0620150304,"AQ Mforce Gen Z","Plus 1",242,37.5826,9094.99
2020-10-01,February,A5519110302,"AQ Gamer 3","Standard Cool Blue",15,605.8642,9087.96
2020-10-01,February,A5419110202,"AQ Gamer 2","Standard Cool Blue",16,567.9271,9086.83
2020-09-01,January,A3220150406,"AQ Lite","Premium 2",451,20.0066,9022.98
2020-10-01,February,A2419150405,"AQ Lite Ms","Premium 1",708,12.7423,9021.55
2020-10-01,February,A4118110106,"AQ Aspiron","Plus Red",48,187.7533,9012.16
2020-09-01,January,A5520110306,"AQ Gamer 3","Plus Black",14,639.6816,8955.54
2020-10-01,February,A6319160203,"AQ Neuer SSD",Premium,462,19.3433,8936.60
2020-09-01,January,A5019110208,"AQ BZ Compact","Premium Misty Green",19,467.3047,8878.79
2020-10-01,February,A6620160501,"AQ Clx3",Standard,387,22.8530,8844.11
2020-09-01,January,A0821150504,"AQ Marquee P3",Premium,197,44.7044,8806.77
2020-10-01,February,A6818160202,"AQ Pen Drive DRC",Plus,2256,3.8531,8692.59
2020-10-01,February,A0620150306,"AQ Mforce Gen Z","Plus 3",231,37.5278,8668.92
2020-10-01,February,A4118110107,"AQ Aspiron","Premium Black",44,195.7721,8613.97
2020-10-01,February,A0721150401,"AQ GT 21",Standard,218,39.3377,8575.62
2020-10-01,February,A2319150306,"AQ Gamers Ms","Premium 2",787,10.8659,8551.46
2020-10-01,February,A5621110408,"AQ Smash 1","Premium Misty Green",13,657.2525,8544.28
2020-10-01,February,A2419150403,"AQ Lite Ms","Plus 1",784,10.8925,8539.72
2020-10-01,February,A5621110407,"AQ Smash 1","Premium Black",13,655.7782,8525.12
2020-10-01,February,A2319150303,"AQ Gamers Ms","Plus 1",906,9.3977,8514.32
2020-10-01,February,A4218110208,"AQ Digit","Premium Misty Green",35,243.0414,8506.45
2020-09-01,January,A2620150601,"AQ Qwerty Ms","Standard 1",570,14.9013,8493.74
2020-10-01,February,A4520110505,"AQ Gen X","Plus Blue",26,325.2156,8455.61
2020-10-01,February,A0620150305,"AQ Mforce Gen Z","Plus 2",231,36.5679,8447.18
2020-10-01,February,A5419110206,"AQ Gamer 2","Plus Black",14,601.6398,8422.96
2020-10-01,February,A5219110403,"AQ BZ Gen Z","Standard Red",16,525.8042,8412.87
2020-10-01,February,A5419110207,"AQ Gamer 2","Premium Black",14,599.2302,8389.22
2020-10-01,February,A3019150205,"AQ Master wireless x1","Premium 1",696,12.0509,8387.43
2020-10-01,February,A5620110401,"AQ Smash 1","Standard Firey Red",13,642.0698,8346.91
2020-09-01,January,A2319150303,"AQ Gamers Ms","Plus 1",888,9.3977,8345.16
2020-09-01,January,A5419110203,"AQ Gamer 2","Standard Black",14,595.5711,8338.00
2020-09-01,January,A4419110404,"AQ Elite","Plus Grey",29,286.8973,8320.02
2020-10-01,February,A1320150402,"AQ Electron 5 3600 Desktop Processor",Plus,55,150.2450,8263.48
2020-09-01,January,A4218110208,"AQ Digit","Premium Misty Green",34,243.0414,8263.41
2020-09-01,January,A5621110403,"AQ Smash 1","Standard Black",13,631.1855,8205.41
2020-09-01,January,A5721110502,"AQ Smash 2","Standard Cool Blue",13,627.9938,8163.92
2020-09-01,January,A7321160303,"AQ Wi Power Dx3",Premium,190,42.8483,8141.18
2020-10-01,February,A4419110401,"AQ Elite","Standard Grey",30,271.3471,8140.41
2020-10-01,February,A2021150503,"AQ MB Lito 2","Plus 2",179,45.4377,8133.35
2020-09-01,January,A5820110107,"AQ BZ Allin1","Premium 1",11,737.6775,8114.45
2020-09-01,January,A2721150706,"AQ Trigger Ms","Premium 2",404,20.0537,8101.69
2020-09-01,January,A5018110207,"AQ BZ Compact","Premium Black",17,475.1904,8078.24
2020-09-01,January,A4319110306,"AQ Velocity","Plus Red",29,275.8194,7998.76
2020-09-01,January,A6819160203,"AQ Pen Drive DRC",Premium,1556,5.0984,7933.11
2020-09-01,January,A5318110106,"AQ Gamer 1","Plus Black",14,565.8747,7922.25
2020-10-01,February,A2219150205,"AQ Master wireless x1 Ms","Premium 1",992,7.9813,7917.45
2020-09-01,January,A5519110302,"AQ Gamer 3","Standard Cool Blue",13,605.8642,7876.23
2020-09-01,January,A3018150203,"AQ Master wireless x1","Plus 1",635,12.3739,7857.43
2020-10-01,February,A4520110506,"AQ Gen X","Plus Red",24,325.2561,7806.15
2020-09-01,January,A4520110505,"AQ Gen X","Plus Blue",24,325.2156,7805.17
2020-09-01,January,A2219150205,"AQ Master wireless x1 Ms","Premium 1",969,7.9813,7733.88
2020-10-01,February,A6218160101,"AQ Digit SSD",Standard,565,13.5941,7680.67
2020-09-01,January,A5018110201,"AQ BZ Compact","Standard Grey",17,451.7049,7678.98
2020-09-01,January,A4318110301,"AQ Velocity","Standard Grey",29,264.7000,7676.30
2020-10-01,February,A5820110102,"AQ BZ Allin1","Standard 2",11,697.5541,7673.10
2020-09-01,January,A3119150301,"AQ Gamers ","Standard 1",560,13.5061,7563.42
2020-10-01,February,A6819160203,"AQ Pen Drive DRC",Premium,1483,5.0984,7560.93
2020-10-01,February,A4918110101,"AQ BZ 101","Standard Grey",18,419.1936,7545.48
2020-09-01,January,A2520150505,"AQ Maxima Ms","Premium 1",497,15.1762,7542.57
2020-09-01,January,A4520110504,"AQ Gen X","Plus Grey",22,341.7343,7518.15
2020-09-01,January,A5018110202,"AQ BZ Compact","Standard Blue",16,462.5568,7400.91
2020-10-01,February,A5318110106,"AQ Gamer 1","Plus Black",13,565.8747,7356.37
2020-09-01,January,A5820110103,"AQ BZ Allin1","Standard 3",10,735.1465,7351.47
2020-10-01,February,A3421150603,"AQ Qwerty","Plus 1",272,26.9507,7330.59
2020-10-01,February,A4620110601,"AQ Gen Y","Standard Grey",21,347.2474,7292.20
2020-09-01,January,A0821150503,"AQ Marquee P3","Plus 2",172,42.3841,7290.07
2020-09-01,January,A6218160102,"AQ Digit SSD",Plus,476,15.2481,7258.10
2020-10-01,February,A0721150403,"AQ GT 21","Plus 2",184,39.2990,7231.02
2020-10-01,February,A5018110201,"AQ BZ Compact","Standard Grey",16,451.7049,7227.28
2020-10-01,February,A0220150203,"AQ WereWolf NAS Internal Hard Drive HDD – 8.89 cm",Premium,306,23.6154,7226.31
2020-09-01,January,A5621110405,"AQ Smash 1","Plus Cool Blue",12,601.8173,7221.81
2020-10-01,February,A2219150204,"AQ Master wireless x1 Ms","Plus 2",979,7.3526,7198.20
2020-09-01,January,A2620150604,"AQ Qwerty Ms","Plus 2",433,16.5491,7165.76
2020-10-01,February,A4419110408,"AQ Elite","Premium Misty Green",24,297.0277,7128.66
2020-09-01,January,A0721150404,"AQ GT 21",Premium,182,39.1215,7120.11
2020-10-01,February,A5621110406,"AQ Smash 1","Plus Black",11,644.3777,7088.15
2020-10-01,February,A2918150106,"AQ Master wired x1","Premium 2",680,10.4188,7084.78
2020-10-01,February,A0821150501,"AQ Marquee P3",Standard,174,40.5013,7047.23
2020-10-01,February,A3018150201,"AQ Master wireless x1","Standard 1",650,10.7955,7017.08
2020-09-01,January,A3018150201,"AQ Master wireless x1","Standard 1",649,10.7955,7006.28
2020-10-01,February,A0321150303,"AQ Zion Saga",Premium,249,28.0059,6973.47
2020-09-01,January,A4620110607,"AQ Gen Y","Premium Black",20,347.8030,6956.06
2020-10-01,February,A4118110105,"AQ Aspiron","Plus Blue",38,182.8932,6949.94
2020-10-01,February,A1420150502,"AQ Electron 4 3600 Desktop Processor",Plus,41,169.4999,6949.50
2020-10-01,February,A3018150202,"AQ Master wireless x1","Standard 2",627,11.0524,6929.85
2020-09-01,January,A4918110104,"AQ BZ 101","Premium Misty Green",15,460.2805,6904.21
2020-09-01,January,A0620150306,"AQ Mforce Gen Z","Plus 3",182,37.5278,6830.06
2020-09-01,January,A2821150801,"AQ Lumina Ms","Standard 1",314,21.7118,6817.51
2020-09-01,January,A2319150301,"AQ Gamers Ms","Standard 1",765,8.8044,6735.37
2020-10-01,February,A0519150208,"AQ Mforce Gen Y","Premium 2",219,30.5816,6697.37
2020-10-01,February,A4720110702,"AQ GEN Z","Standard Blue",18,371.4027,6685.25
2020-10-01,February,A2020150502,"AQ MB Lito 2","Plus 1",168,39.3932,6618.06
2020-09-01,January,A5621110407,"AQ Smash 1","Premium Black",10,655.7782,6557.78
2020-09-01,January,A0621150308,"AQ Mforce Gen Z","Premium 2",166,39.3990,6540.23
2020-09-01,January,A0619150302,"AQ Mforce Gen Z","Standard 2",191,34.0973,6512.58
2020-10-01,February,A4218110204,"AQ Digit","Plus Grey",28,232.1038,6498.91
2020-09-01,January,A5520110308,"AQ Gamer 3","Premium Misty Green",11,590.1159,6491.27
2020-09-01,January,A4218110207,"AQ Digit","Premium Black",26,249.1303,6477.39
2020-10-01,February,A2918150102,"AQ Master wired x1","Standard 2",849,7.5979,6450.62
2020-09-01,January,A4519110503,"AQ Gen X","Standard Red",21,306.9189,6445.30
2020-09-01,January,A5621110406,"AQ Smash 1","Plus Black",10,644.3777,6443.78
2020-09-01,January,A5419110201,"AQ Gamer 2","Standard Firey Red",11,585.0003,6435.00
2020-10-01,February,A4918110103,"AQ BZ 101","Premium Black",15,428.1451,6422.18
2020-10-01,February,A0519150205,"AQ Mforce Gen Y","Plus 2",216,29.7008,6415.37
2020-09-01,January,A0621150307,"AQ Mforce Gen Z","Premium 1",177,36.2434,6415.08
2020-10-01,February,A4319110302,"AQ Velocity","Standard Blue",24,267.2091,6413.02
2020-10-01,February,A6419160301,"AQ Clx1",Standard,360,17.8043,6409.55
2020-09-01,January,A5220110408,"AQ BZ Gen Z","Premium Misty Green",12,533.0397,6396.48
2020-09-01,January,A0321150302,"AQ Zion Saga",Plus,236,27.1027,6396.24
2020-09-01,January,A4319110305,"AQ Velocity","Plus Blue",23,277.8079,6389.58
2020-10-01,February,A0118150104,"AQ Dracula HDD – 3.5 Inch SATA 6 Gb/s 5400 RPM 256 MB Cache","Premium Plus",276,22.9729,6340.52
2020-09-01,January,A0620150305,"AQ Mforce Gen Z","Plus 2",173,36.5679,6326.25
2020-09-01,January,A4720110702,"AQ GEN Z","Standard Blue",17,371.4027,6313.85
2020-09-01,January,A5219110403,"AQ BZ Gen Z","Standard Red",12,525.8042,6309.65
2020-09-01,January,A2419150405,"AQ Lite Ms","Premium 1",495,12.7423,6307.44
2020-09-01,January,A1018150102,"AQ 5000 Series Electron 9 5900X Desktop Processor",Plus,51,123.4797,6297.46
2020-09-01,January,A3119150303,"AQ Gamers ","Plus 1",387,16.2407,6285.15
2020-10-01,February,A2918150105,"AQ Master wired x1","Premium 1",664,9.4650,6284.76
2020-09-01,January,A2918150106,"AQ Master wired x1","Premium 2",602,10.4188,6272.12
2020-09-01,January,A5018110204,"AQ BZ Compact","Plus Grey",14,447.7337,6268.27
2020-10-01,February,A5018110204,"AQ BZ Compact","Plus Grey",14,447.7337,6268.27
2020-09-01,January,A4218110204,"AQ Digit","Plus Grey",27,232.1038,6266.80
2020-10-01,February,A2520150501,"AQ Maxima Ms","Standard 1",511,12.0689,6167.21
2020-09-01,January,A3119150302,"AQ Gamers ","Standard 2",396,15.3071,6061.61
2020-10-01,February,A4419110407,"AQ Elite","Premium Black",21,287.4934,6037.36
2020-10-01,February,A2319150305,"AQ Gamers Ms","Premium 1",571,10.4370,5959.53
2020-10-01,February,A6519160401,"AQ Clx2",Standard,292,20.2889,5924.36
2020-09-01,January,A2020150501,"AQ MB Lito 2",Standard,143,41.3696,5915.85
2020-10-01,February,A6120110205,"AQ HOME Allin1 Gen 2","Plus 2",7,834.9812,5844.87
2020-09-01,January,A5219110405,"AQ BZ Gen Z","Plus Blue",11,521.2603,5733.86
2020-10-01,February,A2420150406,"AQ Lite Ms","Premium 2",465,12.2979,5718.52
2020-09-01,January,A0620150303,"AQ Mforce Gen Z","Standard 3",167,34.2412,5718.28
2020-10-01,February,A3521150705,"AQ Trigger","Premium 1",165,34.5114,5694.38
2020-10-01,February,A3320150501,"AQ Maxima","Standard 1",279,20.3908,5689.03
2020-10-01,February,A6119110204,"AQ HOME Allin1 Gen 2","Plus 1",7,807.2638,5650.85
2020-09-01,January,A4419110408,"AQ Elite","Premium Misty Green",19,297.0277,5643.53
2020-09-01,January,A2721150703,"AQ Trigger Ms","Plus 1",331,16.9353,5605.58
2020-09-01,January,A4620110605,"AQ Gen Y","Plus Blue",16,349.2525,5588.04
2020-10-01,February,A2918150104,"AQ Master wired x1","Plus 2",622,8.9514,5567.77
2020-09-01,January,A0519150207,"AQ Mforce Gen Y","Premium 1",171,32.4427,5547.70
2020-10-01,February,A6119110202,"AQ HOME Allin1 Gen 2","Standard 2",7,790.1040,5530.73
2020-10-01,February,A6018110106,"AQ Home Allin1","Plus 3",7,787.5874,5513.11
2020-09-01,January,A2219150204,"AQ Master wireless x1 Ms","Plus 2",749,7.3526,5507.10
2020-10-01,February,A2219150203,"AQ Master wireless x1 Ms","Plus 1",817,6.7301,5498.49
2020-09-01,January,A6319160201,"AQ Neuer SSD",Standard,316,17.3590,5485.44
2020-09-01,January,A4918110101,"AQ BZ 101","Standard Grey",13,419.1936,5449.52
2020-10-01,February,A1819150304,"AQ MB Crossx 2",Premium,167,32.2612,5387.62
2020-09-01,January,A2319150305,"AQ Gamers Ms","Premium 1",516,10.4370,5385.49
2020-10-01,February,A3521150701,"AQ Trigger","Standard 1",183,29.3872,5377.86
2020-09-01,January,A5318110104,"AQ Gamer 1","Plus Firey Red",9,586.3824,5277.44
2020-10-01,February,A5119110301,"AQ BZ Gen Y","Standard Grey",11,479.0441,5269.49
2020-10-01,February,A5419110201,"AQ Gamer 2","Standard Firey Red",9,585.0003,5265.00
2020-10-01,February,A6018110104,"AQ Home Allin1","Plus 1",7,749.0987,5243.69
2020-10-01,February,A2918150101,"AQ Master wired x1","Standard 1",757,6.8991,5222.62
2020-10-01,February,A5119110303,"AQ BZ Gen Y","Standard Red",11,474.3154,5217.47
2020-09-01,January,A3220150402,"AQ Lite","Standard 2",275,18.7947,5168.54
2020-10-01,February,A5419110205,"AQ Gamer 2","Plus Cool Blue",9,570.7578,5136.82
2020-09-01,January,A5620110401,"AQ Smash 1","Standard Firey Red",8,642.0698,5136.56
2020-10-01,February,A0519150203,"AQ Mforce Gen Y","Standard 3",193,26.5871,5131.31
2020-10-01,February,A4620110603,"AQ Gen Y","Standard Red",14,366.0459,5124.64
2020-09-01,January,A6818160201,"AQ Pen Drive DRC",Standard,1697,2.9990,5089.30
2020-10-01,February,A5018110202,"AQ BZ Compact","Standard Blue",11,462.5568,5088.12
2020-10-01,February,A0118150102,"AQ Dracula HDD – 3.5 Inch SATA 6 Gb/s 5400 RPM 256 MB Cache",Plus,237,21.4565,5085.19
2020-09-01,January,A6219160103,"AQ Digit SSD",Premium,310,16.3003,5053.09
2020-09-01,January,A1919150402,"AQ MB Lito","Plus 1",144,35.0256,5043.69
2020-10-01,February,A0519150204,"AQ Mforce Gen Y","Plus 1",193,26.1081,5038.86
2020-10-01,February,A0418150105,"AQ Mforce Gen X","Plus 2",248,20.0766,4979.00
2020-09-01,January,A2118150106,"AQ Master wired x1 Ms","Premium 2",944,5.2542,4959.96
2020-10-01,February,A5219110406,"AQ BZ Gen Z","Plus Red",9,550.4597,4954.14
2020-10-01,February,A2118150104,"AQ Master wired x1 Ms","Plus 2",979,5.0459,4939.94
2020-09-01,January,A3420150602,"AQ Qwerty","Standard 2",206,23.9726,4938.36
2020-10-01,February,A1819150303,"AQ MB Crossx 2","Plus 2",153,32.1924,4925.44
2020-10-01,February,A4620110605,"AQ Gen Y","Plus Blue",14,349.2525,4889.54
2020-09-01,January,A2319150304,"AQ Gamers Ms","Plus 2",466,10.4573,4873.10
2020-10-01,February,A0320150301,"AQ Zion Saga",Standard,205,23.7223,4863.07
2020-09-01,January,A0821150501,"AQ Marquee P3",Standard,120,40.5013,4860.16
2020-10-01,February,A4520110507,"AQ Gen X","Premium Black",15,322.9426,4844.14
2020-10-01,February,A5820110104,"AQ BZ Allin1","Plus 1",7,690.4971,4833.48
2020-10-01,February,A2721150706,"AQ Trigger Ms","Premium 2",241,20.0537,4832.94
2020-09-01,January,A2319150302,"AQ Gamers Ms","Standard 2",537,8.9901,4827.68
2020-10-01,February,A5419110204,"AQ Gamer 2","Plus Firey Red",8,602.9200,4823.36
2020-09-01,January,A2219150206,"AQ Master wireless x1 Ms","Premium 2",578,8.3193,4808.56
2020-09-01,January,A5119110301,"AQ BZ Gen Y","Standard Grey",10,479.0441,4790.44
2020-10-01,February,A2721150702,"AQ Trigger Ms","Standard 2",276,17.2368,4757.36
2020-09-01,January,A5620110402,"AQ Smash 1","Standard Cool Blue",8,593.8297,4750.64
2020-09-01,January,A5721110503,"AQ Smash 2","Standard Black",7,678.3035,4748.12
2020-09-01,January,A6018110106,"AQ Home Allin1","Plus 3",6,787.5874,4725.52
2020-09-01,January,A4721110703,"AQ GEN Z","Standard Red",13,361.6496,4701.44
2020-09-01,January,A6018110103,"AQ Home Allin1","Standard 3",6,770.9789,4625.87
2020-09-01,January,A2219150203,"AQ Master wireless x1 Ms","Plus 1",686,6.7301,4616.85
2020-09-01,January,A5119110308,"AQ BZ Gen Y","Premium Misty Green",9,512.5811,4613.23
2020-09-01,January,A4419110403,"AQ Elite","Standard Red",16,288.0503,4608.80
2020-09-01,January,A3521150704,"AQ Trigger","Plus 2",137,33.6246,4606.57
2020-10-01,February,A6018110105,"AQ Home Allin1","Plus 2",6,766.6472,4599.88
2020-09-01,January,A0821150502,"AQ Marquee P3","Plus 1",106,43.2966,4589.44
2020-09-01,January,A0620150304,"AQ Mforce Gen Z","Plus 1",122,37.5826,4585.08
2020-10-01,February,A6018110102,"AQ Home Allin1","Standard 2",6,764.0542,4584.33
2020-09-01,January,A5318110107,"AQ Gamer 1","Premium Black",8,571.6489,4573.19
2020-10-01,February,A1920150404,"AQ MB Lito",Premium,117,38.9780,4560.43
2020-10-01,February,A2419150401,"AQ Lite Ms","Standard 1",397,11.4829,4558.71
2020-09-01,January,A5721110501,"AQ Smash 2","Standard Firey Red",7,649.6929,4547.85
2020-09-01,January,A2020150502,"AQ MB Lito 2","Plus 1",115,39.3932,4530.22
2020-09-01,January,A5018110203,"AQ BZ Compact","Standard Red",10,452.1420,4521.42
2020-10-01,February,A2118150106,"AQ Master wired x1 Ms","Premium 2",860,5.2542,4518.61
2020-09-01,January,A4918110102,"AQ BZ 101","Standard Blue",10,451.4881,4514.88
2020-10-01,February,A4218110206,"AQ Digit","Plus Red",19,237.0183,4503.35
2020-10-01,February,A0418150104,"AQ Mforce Gen X","Plus 1",226,19.9239,4502.80
2020-10-01,February,A2118150102,"AQ Master wired x1 Ms","Standard 2",1111,3.9998,4443.78
2020-09-01,January,A5318110105,"AQ Gamer 1","Plus Cool Blue",8,551.3303,4410.64
2020-09-01,January,A4419110405,"AQ Elite","Plus Blue",15,291.2071,4368.11
2020-09-01,January,A5721110506,"AQ Smash 2","Plus Black",6,720.5460,4323.28
2020-10-01,February,A0418150103,"AQ Mforce Gen X","Standard 3",220,19.5235,4295.17
2020-10-01,February,A5018110206,"AQ BZ Compact","Plus Red",9,475.5544,4279.99
2020-09-01,January,A1118150202,"AQ 5000 Series Electron 8 5900X Desktop Processor",Plus,33,129.5836,4276.26
2020-10-01,February,A0519150206,"AQ Mforce Gen Y","Plus 3",136,31.2439,4249.17
2020-09-01,January,A3220150405,"AQ Lite","Premium 1",224,18.9415,4242.90
2020-09-01,January,A0118150103,"AQ Dracula HDD – 3.5 Inch SATA 6 Gb/s 5400 RPM 256 MB Cache",Premium,193,21.7795,4203.44
2020-09-01,January,A4721110705,"AQ GEN Z","Plus Blue",11,377.4069,4151.48
2020-10-01,February,A3320150503,"AQ Maxima","Plus 1",197,20.8733,4112.04
2020-10-01,February,A1819150302,"AQ MB Crossx 2","Plus 1",127,31.9525,4057.97
2020-10-01,February,A6120110206,"AQ HOME Allin1 Gen 2","Plus 3",5,810.6034,4053.02
2020-09-01,January,A5721110505,"AQ Smash 2","Plus Cool Blue",6,674.4272,4046.56
2020-09-01,January,A4118110105,"AQ Aspiron","Plus Blue",22,182.8932,4023.65
2020-09-01,January,A6419160302,"AQ Clx1",Plus,204,19.6723,4013.15
2020-09-01,January,A5419110205,"AQ Gamer 2","Plus Cool Blue",7,570.7578,3995.30
2020-10-01,February,A4620110608,"AQ Gen Y","Premium Misty Green",11,363.0630,3993.69
2020-10-01,February,A0519150207,"AQ Mforce Gen Y","Premium 1",123,32.4427,3990.45
2020-09-01,January,A6019110108,"AQ Home Allin1","Premium 2",5,796.6606,3983.30
2020-09-01,January,A3320150501,"AQ Maxima","Standard 1",195,20.3908,3976.21
2020-09-01,January,A2118150105,"AQ Master wired x1 Ms","Premium 1",844,4.6904,3958.70
2020-09-01,January,A4118110107,"AQ Aspiron","Premium Black",20,195.7721,3915.44
2020-09-01,January,A0519150204,"AQ Mforce Gen Y","Plus 1",149,26.1081,3890.11
2020-10-01,February,A0219150201,"AQ WereWolf NAS Internal Hard Drive HDD – 8.89 cm",Standard,164,23.6987,3886.59
2020-09-01,January,A4620110604,"AQ Gen Y","Plus Grey",11,353.0982,3884.08
2020-10-01,February,A5318110105,"AQ Gamer 1","Plus Cool Blue",7,551.3303,3859.31
2020-09-01,January,A0118150101,"AQ Dracula HDD – 3.5 Inch SATA 6 Gb/s 5400 RPM 256 MB Cache",Standard,202,19.0573,3849.57
2020-09-01,January,A0321150303,"AQ Zion Saga",Premium,137,28.0059,3836.81
2020-09-01,January,A6018110102,"AQ Home Allin1","Standard 2",5,764.0542,3820.27
2020-09-01,January,A5520110305,"AQ Gamer 3","Plus Cool Blue",6,632.4885,3794.93
2020-10-01,February,A2419150404,"AQ Lite Ms","Plus 2",324,11.6332,3769.16
2020-09-01,January,A6018110104,"AQ Home Allin1","Plus 1",5,749.0987,3745.49
2020-10-01,February,A3019150206,"AQ Master wireless x1","Premium 2",288,13.0018,3744.52
2020-09-01,January,A3120150306,"AQ Gamers ","Premium 2",194,19.3003,3744.26
2020-10-01,February,A2218150202,"AQ Master wireless x1 Ms","Standard 2",584,6.4054,3740.75
2020-09-01,January,A3320150502,"AQ Maxima","Standard 2",172,21.6988,3732.19
2020-09-01,January,A2420150406,"AQ Lite Ms","Premium 2",302,12.2979,3713.97
2020-09-01,January,A4720110701,"AQ GEN Z","Standard Grey",10,367.7335,3677.34
2020-10-01,February,A0321150302,"AQ Zion Saga",Plus,135,27.1027,3658.86
2020-10-01,February,A4319110303,"AQ Velocity","Standard Red",14,261.2305,3657.23
2020-10-01,February,A1919150401,"AQ MB Lito",Standard,108,33.7609,3646.18
2020-09-01,January,A3220150401,"AQ Lite","Standard 1",197,18.4943,3643.38
2020-10-01,February,A5519110303,"AQ Gamer 3","Standard Black",6,604.2721,3625.63
2020-09-01,January,A0519150208,"AQ Mforce Gen Y","Premium 2",118,30.5816,3608.63
2020-10-01,February,A5119110308,"AQ BZ Gen Y","Premium Misty Green",7,512.5811,3588.07
2020-09-01,January,A5519110304,"AQ Gamer 3","Plus Firey Red",6,597.7704,3586.62
2020-10-01,February,A5419110203,"AQ Gamer 2","Standard Black",6,595.5711,3573.43
2020-09-01,January,A4218110206,"AQ Digit","Plus Red",15,237.0183,3555.27
2020-10-01,February,A5519110301,"AQ Gamer 3","Standard Firey Red",6,589.7411,3538.45
2020-09-01,January,A0219150201,"AQ WereWolf NAS Internal Hard Drive HDD – 8.89 cm",Standard,149,23.6987,3531.11
2020-09-01,January,A5318110103,"AQ Gamer 1","Standard Black",6,584.9722,3509.83
2020-10-01,February,A5318110108,"AQ Gamer 1","Premium Misty Green",6,579.6609,3477.97
2020-09-01,January,A1919150401,"AQ MB Lito",Standard,103,33.7609,3477.37
2020-09-01,January,A0118150102,"AQ Dracula HDD – 3.5 Inch SATA 6 Gb/s 5400 RPM 256 MB Cache",Plus,162,21.4565,3475.95
2020-09-01,January,A4620110602,"AQ Gen Y","Standard Blue",10,346.6886,3466.89
2020-09-01,January,A0320150301,"AQ Zion Saga",Standard,146,23.7223,3463.46
2020-09-01,January,A3019150206,"AQ Master wireless x1","Premium 2",266,13.0018,3458.48
2020-10-01,February,A1718150201,"AQ MB Crossx",Standard,158,21.8879,3458.29
2020-09-01,January,A4419110407,"AQ Elite","Premium Black",12,287.4934,3449.92
2020-09-01,January,A2918150105,"AQ Master wired x1","Premium 1",364,9.4650,3445.26
2020-09-01,January,A5419110202,"AQ Gamer 2","Standard Cool Blue",6,567.9271,3407.56
2020-09-01,January,A5119110305,"AQ BZ Gen Y","Plus Blue",7,483.3813,3383.67
2020-10-01,February,A4419110402,"AQ Elite","Standard Blue",12,281.9504,3383.40
2020-09-01,January,A7220160202,"AQ Wi Power Dx2",Plus,96,35.2053,3379.71
2020-09-01,January,A2419150403,"AQ Lite Ms","Plus 1",310,10.8925,3376.68
2020-09-01,January,A0118150104,"AQ Dracula HDD – 3.5 Inch SATA 6 Gb/s 5400 RPM 256 MB Cache","Premium Plus",146,22.9729,3354.04
2020-09-01,January,A2620150605,"AQ Qwerty Ms","Premium 1",200,16.5882,3317.64
2020-09-01,January,A6818160202,"AQ Pen Drive DRC",Plus,855,3.8531,3294.40
2020-09-01,January,A6120110206,"AQ HOME Allin1 Gen 2","Plus 3",4,810.6034,3242.41
2020-10-01,February,A0620150303,"AQ Mforce Gen Z","Standard 3",93,34.2412,3184.43
2020-10-01,February,A4419110403,"AQ Elite","Standard Red",11,288.0503,3168.55
2020-10-01,February,A5520110305,"AQ Gamer 3","Plus Cool Blue",5,632.4885,3162.44
2020-09-01,January,A1920150404,"AQ MB Lito",Premium,81,38.9780,3157.22
2020-10-01,February,A5621110403,"AQ Smash 1","Standard Black",5,631.1855,3155.93
2020-09-01,January,A6019110107,"AQ Home Allin1","Premium 1",4,785.9918,3143.97
2020-09-01,January,A3019150205,"AQ Master wireless x1","Premium 1",260,12.0509,3133.23
2020-09-01,January,A3421150604,"AQ Qwerty","Plus 2",114,27.4152,3125.33
2020-09-01,January,A0519150201,"AQ Mforce Gen Y","Standard 1",138,22.3984,3090.98
2020-10-01,February,A1919150402,"AQ MB Lito","Plus 1",88,35.0256,3082.25
2020-10-01,February,A2419150402,"AQ Lite Ms","Standard 2",273,11.2819,3079.96
2020-09-01,January,A6119110203,"AQ HOME Allin1 Gen 2","Standard 3",4,769.5635,3078.25
2020-10-01,February,A2118150101,"AQ Master wired x1 Ms","Standard 1",1036,2.9434,3049.36
2020-09-01,January,A5520110307,"AQ Gamer 3","Premium Black",5,609.7926,3048.96
2020-10-01,February,A5419110208,"AQ Gamer 2","Premium Misty Green",5,608.4070,3042.04
2020-09-01,January,A5419110204,"AQ Gamer 2","Plus Firey Red",5,602.9200,3014.60
2020-09-01,January,A1718150203,"AQ MB Crossx","Plus 2",110,27.3445,3007.90
2020-09-01,January,A5419110207,"AQ Gamer 2","Premium Black",5,599.2302,2996.15
2020-10-01,February,A1618150102,"AQ MB Elite","Plus 1",146,20.4629,2987.58
2020-10-01,February,A4021150405,"AQ Mx NB",Premium,94,31.7029,2980.07
2020-10-01,February,A3920150305,"AQ LION x3",Premium,108,27.4546,2965.10
2020-09-01,January,A2721150702,"AQ Trigger Ms","Standard 2",171,17.2368,2947.49
2020-09-01,January,A4620110603,"AQ Gen Y","Standard Red",8,366.0459,2928.37
2020-09-01,January,A0220150203,"AQ WereWolf NAS Internal Hard Drive HDD – 8.89 cm",Premium,123,23.6154,2904.69
2020-10-01,February,A1618150103,"AQ MB Elite","Plus 2",137,21.2017,2904.63
2020-09-01,January,A1618150102,"AQ MB Elite","Plus 1",141,20.4629,2885.27
2020-10-01,February,A4419110406,"AQ Elite","Plus Red",10,287.5666,2875.67
2020-10-01,February,A1919150403,"AQ MB Lito","Plus 2",79,35.8350,2830.97
2020-10-01,February,A2118150105,"AQ Master wired x1 Ms","Premium 1",600,4.6904,2814.24
2020-10-01,February,A4519110501,"AQ Gen X","Standard Grey",9,311.8396,2806.56
2020-09-01,January,A1819150304,"AQ MB Crossx 2",Premium,84,32.2612,2709.94
2020-09-01,January,A3521150701,"AQ Trigger","Standard 1",92,29.3872,2703.62
2020-09-01,January,A0219150202,"AQ WereWolf NAS Internal Hard Drive HDD – 8.89 cm",Plus,107,24.7312,2646.24
2020-10-01,February,A2319150301,"AQ Gamers Ms","Standard 1",297,8.8044,2614.91
2020-09-01,January,A4218110203,"AQ Digit","Standard Red",11,236.8486,2605.33
2020-09-01,January,A4419110406,"AQ Elite","Plus Red",9,287.5666,2588.10
2020-09-01,January,A2918150101,"AQ Master wired x1","Standard 1",373,6.8991,2573.36
2020-10-01,February,A2219150206,"AQ Master wireless x1 Ms","Premium 2",308,8.3193,2562.34
2020-09-01,January,A0921150601,"AQ Marquee P4",Standard,56,45.0813,2524.55
2020-10-01,February,A0721150404,"AQ GT 21",Premium,64,39.1215,2503.78
2020-10-01,February,A6818160201,"AQ Pen Drive DRC",Standard,828,2.9990,2483.17
2020-10-01,February,A6119110201,"AQ HOME Allin1 Gen 2","Standard 1",3,824.0889,2472.27
2020-09-01,January,A2419150402,"AQ Lite Ms","Standard 2",218,11.2819,2459.45
2020-09-01,January,A4419110401,"AQ Elite","Standard Grey",9,271.3471,2442.12
2020-09-01,January,A5419110208,"AQ Gamer 2","Premium Misty Green",4,608.4070,2433.63
2020-09-01,January,A0721150402,"AQ GT 21","Plus 1",62,39.1465,2427.08
2020-09-01,January,A5519110303,"AQ Gamer 3","Standard Black",4,604.2721,2417.09
2020-10-01,February,A3920150302,"AQ LION x3","Plus 1 ",104,23.1520,2407.81
2020-09-01,January,A5419110206,"AQ Gamer 2","Plus Black",4,601.6398,2406.56
2020-10-01,February,A0219150202,"AQ WereWolf NAS Internal Hard Drive HDD – 8.89 cm",Plus,97,24.7312,2398.93
2020-10-01,February,A2620150601,"AQ Qwerty Ms","Standard 1",160,14.9013,2384.21
2020-09-01,January,A6119110202,"AQ HOME Allin1 Gen 2","Standard 2",3,790.1040,2370.31
2020-10-01,February,A6019110107,"AQ Home Allin1","Premium 1",3,785.9918,2357.98
2020-10-01,February,A4021150404,"AQ Mx NB","Plus 3",82,28.5800,2343.56
2020-09-01,January,A3019150204,"AQ Master wireless x1","Plus 2",202,11.6011,2343.42
2020-09-01,January,A1718150202,"AQ MB Crossx","Plus 1",102,22.8957,2335.36
2020-10-01,February,A6119110203,"AQ HOME Allin1 Gen 2","Standard 3",3,769.5635,2308.69
2020-09-01,January,A1618150101,"AQ MB Elite",Standard,117,19.6485,2298.87
2020-09-01,January,A2918150103,"AQ Master wired x1","Plus 1",290,7.7693,2253.10
2020-09-01,January,A2918150102,"AQ Master wired x1","Standard 2",296,7.5979,2248.98
2020-09-01,January,A0721150403,"AQ GT 21","Plus 2",57,39.2990,2240.04
2020-10-01,February,A0118150103,"AQ Dracula HDD – 3.5 Inch SATA 6 Gb/s 5400 RPM 256 MB Cache",Premium,102,21.7795,2221.51
2020-10-01,February,A2620150603,"AQ Qwerty Ms","Plus 1",138,15.9792,2205.13
2020-09-01,January,A4218110201,"AQ Digit","Standard Grey",11,200.2732,2203.01
2020-09-01,January,A2118150104,"AQ Master wired x1 Ms","Plus 2",433,5.0459,2184.87
2020-09-01,January,A2319150306,"AQ Gamers Ms","Premium 2",200,10.8659,2173.18
2020-09-01,January,A4021150404,"AQ Mx NB","Plus 3",75,28.5800,2143.50
2020-09-01,January,A2918150104,"AQ Master wired x1","Plus 2",239,8.9514,2139.38
2020-10-01,February,A3920150303,"AQ LION x3","Plus 2",84,25.4670,2139.23
2020-10-01,February,A3920150301,"AQ LION x3",Standard,94,22.1454,2081.67
2020-09-01,January,A2419150401,"AQ Lite Ms","Standard 1",181,11.4829,2078.40
2020-10-01,February,A1718150203,"AQ MB Crossx","Plus 2",76,27.3445,2078.18
2020-10-01,February,A1618150101,"AQ MB Elite",Standard,104,19.6485,2043.44
2020-10-01,February,A1618150104,"AQ MB Elite",Premium,94,21.4489,2016.20
2020-09-01,January,A3920150303,"AQ LION x3","Plus 2",79,25.4670,2011.89
2020-10-01,February,A2218150201,"AQ Master wireless x1 Ms","Standard 1",368,5.4383,2001.29
2020-09-01,January,A4218110202,"AQ Digit","Standard Blue",9,215.9341,1943.41
2020-09-01,January,A1919150403,"AQ MB Lito","Plus 2",54,35.8350,1935.09
2020-10-01,February,A2918150103,"AQ Master wired x1","Plus 1",247,7.7693,1919.02
2020-09-01,January,A6218160101,"AQ Digit SSD",Standard,139,13.5941,1889.58
2020-09-01,January,A3920150304,"AQ LION x3","Plus 3",75,25.0442,1878.32
2020-10-01,February,A1718150204,"AQ MB Crossx",Premium,66,28.3991,1874.34
2020-10-01,February,A4021150403,"AQ Mx NB","Plus 2",62,29.9423,1856.42
2020-10-01,February,A0519150201,"AQ Mforce Gen Y","Standard 1",82,22.3984,1836.67
2020-09-01,January,A3920150305,"AQ LION x3",Premium,66,27.4546,1812.00
2020-10-01,February,A0118150101,"AQ Dracula HDD – 3.5 Inch SATA 6 Gb/s 5400 RPM 256 MB Cache",Standard,95,19.0573,1810.44
2020-09-01,January,A0519150202,"AQ Mforce Gen Y","Standard 2",72,24.9298,1794.95
2020-10-01,February,A3718150103,"AQ LION x1","Plus 2",102,17.5697,1792.11
2020-10-01,February,A3819150203,"AQ LION x2","Plus 2",96,18.4533,1771.52
2020-09-01,January,A5519110301,"AQ Gamer 3","Standard Firey Red",3,589.7411,1769.22
2020-09-01,January,A2118150103,"AQ Master wired x1 Ms","Plus 1",383,4.5295,1734.80
2020-09-01,January,A0418150105,"AQ Mforce Gen X","Plus 2",86,20.0766,1726.59
2020-10-01,February,A0621150307,"AQ Mforce Gen Z","Premium 1",47,36.2434,1703.44
2020-09-01,January,A4118110106,"AQ Aspiron","Plus Red",9,187.7533,1689.78
2020-10-01,February,A0721150402,"AQ GT 21","Plus 1",43,39.1465,1683.30
2020-09-01,January,A2419150404,"AQ Lite Ms","Plus 2",144,11.6332,1675.18
2020-09-01,January,A6120110205,"AQ HOME Allin1 Gen 2","Plus 2",2,834.9812,1669.96
2020-09-01,January,A6119110201,"AQ HOME Allin1 Gen 2","Standard 1",2,824.0889,1648.18
2020-09-01,January,A0418150104,"AQ Mforce Gen X","Plus 1",82,19.9239,1633.76
2020-09-01,January,A3819150203,"AQ LION x2","Plus 2",88,18.4533,1623.89
2020-09-01,January,A6119110204,"AQ HOME Allin1 Gen 2","Plus 1",2,807.2638,1614.53
2020-10-01,February,A6018110101,"AQ Home Allin1","Standard 1",2,800.4577,1600.92
2020-10-01,February,A2118150103,"AQ Master wired x1 Ms","Plus 1",352,4.5295,1594.38
2020-10-01,February,A6019110108,"AQ Home Allin1","Premium 2",2,796.6606,1593.32
2020-09-01,January,A2118150101,"AQ Master wired x1 Ms","Standard 1",537,2.9434,1580.61
2020-09-01,January,A4021150403,"AQ Mx NB","Plus 2",52,29.9423,1557.00
2020-09-01,January,A0619150301,"AQ Mforce Gen Z","Standard 1",51,30.4696,1553.95
2020-09-01,January,A1819150303,"AQ MB Crossx 2","Plus 2",48,32.1924,1545.24
2020-10-01,February,A6018110103,"AQ Home Allin1","Standard 3",2,770.9789,1541.96
2020-09-01,January,A6018110105,"AQ Home Allin1","Plus 2",2,766.6472,1533.29
2020-09-01,January,A3920150301,"AQ LION x3",Standard,69,22.1454,1528.03
2020-09-01,January,A3818150202,"AQ LION x2","Plus 1 ",87,17.5197,1524.21
2020-10-01,February,A0418150106,"AQ Mforce Gen X","Plus 3",75,19.9365,1495.24
2020-09-01,January,A1618150104,"AQ MB Elite",Premium,67,21.4489,1437.08
2020-09-01,January,A2218150202,"AQ Master wireless x1 Ms","Standard 2",218,6.4054,1396.38
2020-10-01,February,A0619150301,"AQ Mforce Gen Z","Standard 1",45,30.4696,1371.13
2020-09-01,January,A3818150201,"AQ LION x2",Standard,78,17.2648,1346.65
2020-10-01,February,A1819150301,"AQ MB Crossx 2",Standard,46,28.8615,1327.63
2020-10-01,February,A0519150202,"AQ Mforce Gen Y","Standard 2",49,24.9298,1221.56
2020-09-01,January,A1819150302,"AQ MB Crossx 2","Plus 1",38,31.9525,1214.20
2020-09-01,January,A3819150205,"AQ LION x2",Premium,55,21.6066,1188.36
2020-10-01,February,A3818150201,"AQ LION x2",Standard,67,17.2648,1156.74
2020-09-01,January,A4021150405,"AQ Mx NB",Premium,36,31.7029,1141.30
2020-10-01,February,A3819150204,"AQ LION x2","Plus 3",51,21.1942,1080.90
2020-10-01,February,A2020150501,"AQ MB Lito 2",Standard,26,41.3696,1075.61
2020-10-01,February,A3819150205,"AQ LION x2",Premium,48,21.6066,1037.12
2020-09-01,January,A0519150203,"AQ Mforce Gen Y","Standard 3",38,26.5871,1010.31
2020-10-01,February,A0619150302,"AQ Mforce Gen Z","Standard 2",29,34.0973,988.82
2020-10-01,February,A3718150105,"AQ LION x1",Premium,54,18.0312,973.68
2020-09-01,January,A0418150106,"AQ Mforce Gen X","Plus 3",48,19.9365,956.95
2020-09-01,January,A3718150105,"AQ LION x1",Premium,51,18.0312,919.59
2020-09-01,January,A1618150103,"AQ MB Elite","Plus 2",43,21.2017,911.67
2020-09-01,January,A1718150204,"AQ MB Crossx",Premium,32,28.3991,908.77
2020-09-01,January,A0519150206,"AQ Mforce Gen Y","Plus 3",28,31.2439,874.83
2020-09-01,January,A0721150401,"AQ GT 21",Standard,22,39.3377,865.43
2020-10-01,February,A4020150401,"AQ Mx NB",Standard,32,26.9302,861.77
2020-09-01,January,A6720160103,"AQ Pen Drive 2 IN 1",Premium,194,4.4411,861.57
2020-09-01,January,A0519150205,"AQ Mforce Gen Y","Plus 2",29,29.7008,861.32
2020-10-01,February,A4020150402,"AQ Mx NB","Plus 1 ",30,28.4500,853.50
2020-09-01,January,A4020150401,"AQ Mx NB",Standard,31,26.9302,834.84
2020-09-01,January,A1718150201,"AQ MB Crossx",Standard,37,21.8879,809.85
2020-09-01,January,A6018110101,"AQ Home Allin1","Standard 1",1,800.4577,800.46
2020-09-01,January,A2021150503,"AQ MB Lito 2","Plus 2",17,45.4377,772.44
2020-09-01,January,A3920150302,"AQ LION x3","Plus 1 ",33,23.1520,764.02
2020-09-01,January,A2118150102,"AQ Master wired x1 Ms","Standard 2",177,3.9998,707.96
2020-09-01,January,A2218150201,"AQ Master wireless x1 Ms","Standard 1",129,5.4383,701.54
2020-10-01,February,A3718150101,"AQ LION x1",Standard,42,16.5127,693.53
2020-09-01,January,A4020150402,"AQ Mx NB","Plus 1 ",23,28.4500,654.35
2020-10-01,February,A3920150304,"AQ LION x3","Plus 3",26,25.0442,651.15
2020-10-01,February,A3718150102,"AQ LION x1","Plus 1 ",38,16.1015,611.86
2020-09-01,January,A3819150204,"AQ LION x2","Plus 3",28,21.1942,593.44
2020-09-01,January,A1819150301,"AQ MB Crossx 2",Standard,20,28.8615,577.23
2020-10-01,February,A1718150202,"AQ MB Crossx","Plus 1",25,22.8957,572.39
2020-09-01,January,A3718150101,"AQ LION x1",Standard,34,16.5127,561.43
2020-09-01,January,A3718150103,"AQ LION x1","Plus 2",28,17.5697,491.95
2020-09-01,January,A0418150103,"AQ Mforce Gen X","Standard 3",23,19.5235,449.04
2020-09-01,January,A3718150102,"AQ LION x1","Plus 1 ",25,16.1015,402.54
2020-10-01,February,A3818150202,"AQ LION x2","Plus 1 ",19,17.5197,332.87
